{"cameraMode":{"drawMode":0,"name":"Shaded","section":"Shading Mode"},"sceneLighting":false,"audioPlay":false,"sceneViewState":{"showFog":true,"showMaterialUpdate":false,"showSkybox":false,"showFlares":true,"showImageEffects":true,"showParticleSystems":true},"in2DMode":false,"pivot":{"x":0.58575439453125,"y":2.3267006874084474,"z":-3.359203338623047},"rotation":{"x":-0.08229723572731018,"y":0.9176639318466187,"z":-0.27034860849380495,"w":-0.2793485224246979},"size":1.5789713859558106,"orthographic":true}