{"cameraMode":{"drawMode":0,"name":"Shaded","section":"Shading Mode"},"sceneLighting":true,"audioPlay":false,"sceneViewState":{"showFog":false,"showMaterialUpdate":false,"showSkybox":false,"showFlares":false,"showImageEffects":false,"showParticleSystems":false},"in2DMode":false,"pivot":{"x":-0.9016913771629334,"y":1.2458951473236085,"z":-2.8091301918029787},"rotation":{"x":0.1894439309835434,"y":-0.41605985164642336,"z":0.08907056599855423,"w":0.884913980960846},"size":2.557793378829956,"orthographic":false}